"Date","Price","Open","High","Low","Vol.","Change %"
"09/01/2022","0.9826","1.0037","1.0198","0.9538","","-2.30%"
"08/01/2022","1.0057","1.0218","1.0369","0.9900","","-1.58%"
"07/01/2022","1.0218","1.0481","1.0487","0.9952","","-2.52%"
"06/01/2022","1.0482","1.0734","1.0775","1.0359","","-2.34%"
"05/01/2022","1.0733","1.0550","1.0788","1.0350","","1.82%"
"04/01/2022","1.0541","1.1065","1.1077","1.0471","","-4.74%"
"03/01/2022","1.1065","1.1218","1.1234","1.0805","","-1.37%"
"02/01/2022","1.1219","1.1234","1.1496","1.1106","","-0.12%"
"01/01/2022","1.1233","1.1365","1.1484","1.1121","","-1.19%"
"12/01/2021","1.1368","1.1339","1.1387","1.1221","","0.28%"
"11/01/2021","1.1336","1.1559","1.1617","1.1185","","-1.95%"
"10/01/2021","1.1561","1.1582","1.1693","1.1524","","-0.17%"
"09/01/2021","1.1581","1.1810","1.1910","1.1562","","-1.91%"
"08/01/2021","1.1807","1.1864","1.1901","1.1664","","-0.53%"
"07/01/2021","1.1870","1.1859","1.1910","1.1752","","0.13%"
"06/01/2021","1.1855","1.2227","1.2255","1.1845","","-3.03%"
"05/01/2021","1.2225","1.2031","1.2267","1.1985","","1.72%"
"04/01/2021","1.2018","1.1731","1.2150","1.1712","","2.47%"
"03/01/2021","1.1728","1.2079","1.2113","1.1703","","-2.87%"
"02/01/2021","1.2074","1.2140","1.2243","1.1952","","-0.51%"
"01/01/2021","1.2136","1.2216","1.2350","1.2054","","-0.63%"
"12/01/2020","1.2213","1.1928","1.2311","1.1926","","2.39%"
"11/01/2020","1.1928","1.1658","1.2004","1.1603","","2.41%"
"10/01/2020","1.1647","1.1719","1.1882","1.1639","","-0.61%"
"09/01/2020","1.1718","1.1936","1.2012","1.1612","","-1.83%"
"08/01/2020","1.1936","1.1783","1.1967","1.1696","","1.38%"
"07/01/2020","1.1774","1.1233","1.1910","1.1185","","4.83%"
"06/01/2020","1.1231","1.1097","1.1423","1.1095","","1.20%"
"05/01/2020","1.1098","1.0956","1.1146","1.0766","","1.31%"
"04/01/2020","1.0955","1.1031","1.1040","1.0726","","-0.67%"
"03/01/2020","1.1029","1.1003","1.1494","1.0637","","0.04%"
"02/01/2020","1.1025","1.1092","1.1096","1.0776","","-0.61%"
"01/01/2020","1.1093","1.1213","1.1227","1.0991","","-1.04%"
"12/01/2019","1.1210","1.1014","1.1240","1.1003","","1.77%"
"11/01/2019","1.1015","1.1152","1.1176","1.0980","","-1.21%"
"10/01/2019","1.1150","1.0900","1.1180","1.0878","","2.31%"
"09/01/2019","1.0898","1.0989","1.1110","1.0884","","-0.83%"
"08/01/2019","1.0989","1.1076","1.1250","1.0963","","-0.77%"
"07/01/2019","1.1074","1.1376","1.1376","1.1059","","-2.59%"
"06/01/2019","1.1368","1.1168","1.1413","1.1156","","1.80%"
"05/01/2019","1.1167","1.1215","1.1266","1.1107","","-0.43%"
"04/01/2019","1.1215","1.1218","1.1327","1.1111","","-0.02%"
"03/01/2019","1.1217","1.1371","1.1450","1.1176","","-1.35%"
"02/01/2019","1.1370","1.1447","1.1489","1.1233","","-0.65%"
"01/01/2019","1.1444","1.1466","1.1571","1.1288","","-0.22%"
"12/01/2018","1.1469","1.1314","1.1487","1.1268","","1.36%"
"11/01/2018","1.1315","1.1311","1.1501","1.1214","","0.04%"
"10/01/2018","1.1310","1.1608","1.1629","1.1301","","-2.57%"
"09/01/2018","1.1608","1.1596","1.1816","1.1525","","0.08%"
"08/01/2018","1.1599","1.1691","1.1734","1.1299","","-0.79%"
"07/01/2018","1.1691","1.1651","1.1791","1.1573","","0.07%"
"06/01/2018","1.1683","1.1693","1.1853","1.1508","","-0.06%"
"05/01/2018","1.1690","1.2077","1.2088","1.1509","","-3.20%"
"04/01/2018","1.2077","1.2323","1.2414","1.2055","","-1.98%"
"03/01/2018","1.2321","1.2194","1.2477","1.2155","","1.05%"
"02/01/2018","1.2193","1.2414","1.2556","1.2188","","-1.83%"
"01/01/2018","1.2420","1.2002","1.2538","1.1916","","3.53%"
"12/01/2017","1.1996","1.1904","1.2030","1.1717","","0.79%"
"11/01/2017","1.1902","1.1646","1.1961","1.1553","","2.22%"
"10/01/2017","1.1644","1.1818","1.1881","1.1574","","-1.42%"
"09/01/2017","1.1812","1.1910","1.2093","1.1717","","-0.81%"
"08/01/2017","1.1908","1.1842","1.2070","1.1662","","0.57%"
"07/01/2017","1.1840","1.1421","1.1846","1.1312","","3.65%"
"06/01/2017","1.1423","1.1243","1.1446","1.1118","","1.62%"
"05/01/2017","1.1241","1.0907","1.1269","1.0839","","3.18%"
"04/01/2017","1.0895","1.0661","1.0951","1.0569","","2.31%"
"03/01/2017","1.0649","1.0576","1.0905","1.0494","","0.70%"
"02/01/2017","1.0575","1.0798","1.0829","1.0493","","-2.04%"
"01/01/2017","1.0795","1.0531","1.0812","1.0340","","2.68%"
"12/01/2016","1.0513","1.0589","1.0874","1.0352","","-0.68%"
"11/01/2016","1.0585","1.0980","1.1300","1.0517","","-3.59%"
"10/01/2016","1.0979","1.1236","1.1245","1.0849","","-2.30%"
"09/01/2016","1.1238","1.1158","1.1328","1.1121","","0.74%"
"08/01/2016","1.1156","1.1177","1.1367","1.1045","","-0.13%"
"07/01/2016","1.1170","1.1106","1.1198","1.0951","","0.59%"
"06/01/2016","1.1104","1.1132","1.1435","1.0912","","-0.22%"
"05/01/2016","1.1129","1.1446","1.1616","1.1098","","-2.84%"
"04/01/2016","1.1454","1.1380","1.1466","1.1215","","0.67%"
"03/01/2016","1.1378","1.0872","1.1413","1.0821","","4.66%"
"02/01/2016","1.0871","1.0833","1.1377","1.0813","","0.34%"
"01/01/2016","1.0834","1.0861","1.0985","1.0710","","-0.24%"
"12/01/2015","1.0860","1.0568","1.1061","1.0539","","2.81%"
"11/01/2015","1.0563","1.1015","1.1053","1.0557","","-4.02%"
"10/01/2015","1.1005","1.1177","1.1496","1.0895","","-1.53%"
"09/01/2015","1.1176","1.1211","1.1460","1.1087","","-0.31%"
"08/01/2015","1.1211","1.0970","1.1711","1.0848","","2.04%"
"07/01/2015","1.0987","1.1141","1.1216","1.0809","","-1.33%"
"06/01/2015","1.1135","1.0986","1.1437","1.0886","","1.35%"
"05/01/2015","1.0987","1.1223","1.1468","1.0819","","-2.09%"
"04/01/2015","1.1222","1.0735","1.1267","1.0520","","4.59%"
"03/01/2015","1.0730","1.1188","1.1241","1.0457","","-4.14%"
"02/01/2015","1.1193","1.1285","1.1534","1.1176","","-0.82%"
"01/01/2015","1.1286","1.2098","1.2110","1.1099","","-6.70%"
"12/01/2014","1.2097","1.2457","1.2570","1.2097","","-2.84%"
"11/01/2014","1.2450","1.2517","1.2600","1.2358","","-0.59%"
"10/01/2014","1.2524","1.2631","1.2887","1.2486","","-0.85%"
"09/01/2014","1.2631","1.3138","1.3161","1.2571","","-3.82%"
"08/01/2014","1.3132","1.3391","1.3446","1.3132","","-1.91%"
"07/01/2014","1.3388","1.3692","1.3701","1.3367","","-2.21%"
"06/01/2014","1.3691","1.3635","1.3698","1.3503","","0.45%"
"05/01/2014","1.3630","1.3867","1.3994","1.3585","","-1.70%"
"04/01/2014","1.3866","1.3770","1.3906","1.3672","","0.70%"
"03/01/2014","1.3770","1.3786","1.3968","1.3706","","-0.23%"
"02/01/2014","1.3802","1.3493","1.3825","1.3477","","2.35%"
"01/01/2014","1.3485","1.3743","1.3776","1.3479","","-1.89%"
"12/01/2013","1.3745","1.3591","1.3893","1.3523","","1.15%"
"11/01/2013","1.3589","1.3584","1.3622","1.3297","","0.05%"
"10/01/2013","1.3582","1.3527","1.3833","1.3473","","0.43%"
"09/01/2013","1.3524","1.3234","1.3570","1.3104","","2.30%"
"08/01/2013","1.3220","1.3303","1.3453","1.3173","","-0.60%"
"07/01/2013","1.3300","1.3010","1.3345","1.2755","","2.24%"
"06/01/2013","1.3008","1.2921","1.3416","1.2955","","0.10%"
"05/01/2013","1.2995","1.3168","1.3243","1.2796","","-1.30%"
"04/01/2013","1.3166","1.2815","1.3203","1.2746","","2.71%"
"03/01/2013","1.2818","1.3056","1.3135","1.2751","","-1.82%"
"02/01/2013","1.3056","1.3578","1.3713","1.3018","","-3.84%"
"01/01/2013","1.3578","1.3195","1.3594","1.2997","","2.91%"
"12/01/2012","1.3194","1.2985","1.3309","1.2879","","1.62%"
"11/01/2012","1.2984","1.2960","1.3029","1.2661","","0.20%"
"10/01/2012","1.2958","1.2859","1.3140","1.2803","","0.78%"
"09/01/2012","1.2858","1.2569","1.3171","1.2501","","2.25%"
"08/01/2012","1.2575","1.2304","1.2637","1.2134","","2.21%"
"07/01/2012","1.2303","1.2673","1.2674","1.2041","","-2.80%"
"06/01/2012","1.2658","1.2360","1.2749","1.2288","","2.44%"
"05/01/2012","1.2356","1.3242","1.3284","1.2336","","-6.68%"
"04/01/2012","1.3240","1.3276","1.3382","1.2995","","-0.77%"
"03/01/2012","1.3343","1.3325","1.3386","1.3003","","0.14%"
"02/01/2012","1.3324","1.3081","1.3487","1.2974","","1.88%"
"01/01/2012","1.3078","1.2937","1.3232","1.2624","","1.03%"
"12/01/2011","1.2945","1.3436","1.3549","1.2857","","-3.69%"
"11/01/2011","1.3441","1.3855","1.3872","1.3211","","-3.00%"
"10/01/2011","1.3856","1.3336","1.4248","1.3146","","3.53%"
"09/01/2011","1.3384","1.4375","1.4382","1.3362","","-6.91%"
"08/01/2011","1.4377","1.4357","1.4550","1.4056","","-0.13%"
"07/01/2011","1.4395","1.4497","1.4579","1.3836","","-0.75%"
"06/01/2011","1.4504","1.4391","1.4698","1.4073","","0.76%"
"05/01/2011","1.4394","1.4823","1.4941","1.3969","","-2.74%"
"04/01/2011","1.4799","1.4171","1.4882","1.4061","","4.48%"
"03/01/2011","1.4165","1.3802","1.4251","1.3743","","2.63%"
"02/01/2011","1.3802","1.3685","1.3862","1.3427","","0.85%"
"01/01/2011","1.3686","1.3346","1.3760","1.2872","","2.29%"
"12/01/2010","1.3379","1.2987","1.3500","1.2972","","3.07%"
"11/01/2010","1.2980","1.3964","1.4284","1.2967","","-6.95%"
"10/01/2010","1.3950","1.3632","1.4160","1.3620","","2.33%"
"09/01/2010","1.3633","1.2688","1.3686","1.2645","","7.46%"
"08/01/2010","1.2687","1.3061","1.3335","1.2586","","-2.77%"
"07/01/2010","1.3048","1.2236","1.3109","1.2195","","6.64%"
"06/01/2010","1.2236","1.2305","1.2469","1.1877","","-0.57%"
"05/01/2010","1.2306","1.3340","1.3340","1.2143","","-7.46%"
"04/01/2010","1.3298","1.3512","1.3694","1.3115","","-1.58%"
"03/01/2010","1.3512","1.3625","1.3819","1.3267","","-0.84%"
"02/01/2010","1.3626","1.3863","1.4027","1.3443","","-1.71%"
"01/01/2010","1.3863","1.4326","1.4584","1.3861","","-3.18%"
"12/01/2009","1.4318","1.5007","1.5143","1.4218","","-4.60%"
"11/01/2009","1.5009","1.4714","1.5146","1.4625","","1.98%"
"10/01/2009","1.4718","1.4638","1.5064","1.4482","","0.56%"
"09/01/2009","1.4636","1.4331","1.4844","1.4177","","2.13%"
"08/01/2009","1.4331","1.4268","1.4447","1.4045","","0.57%"
"07/01/2009","1.4250","1.4035","1.4306","1.3833","","1.52%"
"06/01/2009","1.4036","1.4124","1.4339","1.3750","","-0.83%"
"05/01/2009","1.4154","1.3228","1.4171","1.3212","","7.02%"
"04/01/2009","1.3226","1.3247","1.3582","1.2883","","-0.19%"
"03/01/2009","1.3251","1.2626","1.3738","1.2456","","4.59%"
"02/01/2009","1.2669","1.2768","1.3094","1.2512","","-0.88%"
"01/01/2009","1.2782","1.3967","1.4057","1.2765","","-8.57%"
"12/01/2008","1.3980","1.2711","1.4721","1.2550","","10.10%"
"11/01/2008","1.2698","1.2750","1.3119","1.2389","","-0.27%"
"10/01/2008","1.2733","1.4125","1.4177","1.2331","","-9.72%"
"09/01/2008","1.4104","1.4702","1.4867","1.3881","","-3.88%"
"08/01/2008","1.4674","1.5598","1.5633","1.4569","","-5.94%"
"07/01/2008","1.5601","1.5755","1.6039","1.5519","","-0.98%"
"06/01/2008","1.5756","1.5559","1.5846","1.5302","","1.30%"
"05/01/2008","1.5554","1.5615","1.5820","1.5286","","-0.40%"
"04/01/2008","1.5617","1.5764","1.6019","1.5510","","-1.00%"
"03/01/2008","1.5774","1.5196","1.5905","1.5147","","3.91%"
"02/01/2008","1.5181","1.4860","1.5240","1.4440","","2.12%"
"01/01/2008","1.4866","1.4586","1.4923","1.4365","","1.89%"
"12/01/2007","1.4590","1.4638","1.4771","1.4310","","-0.29%"
"11/01/2007","1.4632","1.4480","1.4968","1.4404","","1.04%"
"10/01/2007","1.4481","1.4277","1.4505","1.4014","","1.46%"
"09/01/2007","1.4272","1.3628","1.4279","1.3551","","4.71%"
"08/01/2007","1.3630","1.3677","1.3841","1.3360","","-0.31%"
"07/01/2007","1.3673","1.3542","1.3853","1.3528","","0.97%"
"06/01/2007","1.3542","1.3453","1.3554","1.3262","","0.66%"
"05/01/2007","1.3453","1.3641","1.3674","1.3407","","-1.42%"
"04/01/2007","1.3647","1.3375","1.3683","1.3319","","2.16%"
"03/01/2007","1.3358","1.3232","1.3414","1.3072","","0.93%"
"02/01/2007","1.3235","1.3032","1.3261","1.2912","","1.54%"
"01/01/2007","1.3034","1.3198","1.3299","1.2866","","-1.25%"
"12/01/2006","1.3199","1.3244","1.3370","1.3054","","-0.32%"
"11/01/2006","1.3241","1.2762","1.3275","1.2681","","3.75%"
"10/01/2006","1.2763","1.2683","1.2785","1.2483","","0.72%"
"09/01/2006","1.2672","1.2804","1.2875","1.2629","","-1.05%"
"08/01/2006","1.2807","1.2761","1.2940","1.2694","","0.34%"
"07/01/2006","1.2763","1.2788","1.2862","1.2458","","-0.20%"
"06/01/2006","1.2789","1.2815","1.2982","1.2479","","-0.18%"
"05/01/2006","1.2812","1.2627","1.2973","1.2555","","1.38%"
"04/01/2006","1.2637","1.2122","1.2642","1.2032","","4.27%"
"03/01/2006","1.2119","1.1921","1.2208","1.1860","","1.66%"
"02/01/2006","1.1921","1.2155","1.2167","1.1825","","-1.93%"
"01/01/2006","1.2155","1.1845","1.2325","1.1799","","2.63%"
"12/01/2005","1.1843","1.1790","1.2064","1.1662","","0.46%"
"11/01/2005","1.1789","1.1995","1.2087","1.1641","","-1.66%"
"10/01/2005","1.1988","1.2022","1.2207","1.1874","","-0.35%"
"09/01/2005","1.2030","1.2339","1.2590","1.1977","","-2.54%"
"08/01/2005","1.2344","1.2123","1.2487","1.2117","","1.76%"
"07/01/2005","1.2130","1.2098","1.2256","1.1867","","0.23%"
"06/01/2005","1.2102","1.2306","1.2357","1.1984","","-1.69%"
"05/01/2005","1.2310","1.2861","1.2991","1.2295","","-4.37%"
"04/01/2005","1.2873","1.2961","1.3126","1.2768","","-0.69%"
"03/01/2005","1.2963","1.3226","1.3483","1.2854","","-2.07%"
"02/01/2005","1.3237","1.3036","1.3281","1.2732","","1.56%"
"01/01/2005","1.3034","1.3547","1.3582","1.2921","","-3.86%"
"12/01/2004","1.3558","1.3283","1.3668","1.3137","","1.99%"
"11/01/2004","1.3293","1.2803","1.3335","1.2656","","3.97%"
"10/01/2004","1.2785","1.2436","1.2846","1.2229","","2.84%"
"09/01/2004","1.2432","1.2180","1.2445","1.2023","","2.00%"
"08/01/2004","1.2188","1.2071","1.2389","1.1970","","1.40%"
"07/01/2004","1.2020","1.2189","1.2464","1.1992","","-1.37%"
"06/01/2004","1.2187","1.2186","1.2353","1.1952","","0.01%"
"05/01/2004","1.2186","1.1995","1.2298","1.1772","","1.70%"
"04/01/2004","1.1982","1.2316","1.2392","1.1762","","-2.70%"
"03/01/2004","1.2315","1.2488","1.2543","1.2049","","-1.40%"
"02/01/2004","1.2490","1.2473","1.2930","1.2373","","0.17%"
"01/01/2004","1.2469","1.2549","1.2901","1.2334","","-0.95%"
"12/01/2003","1.2588","1.1976","1.2649","1.1936","","4.95%"
"11/01/2003","1.1994","1.1581","1.2017","1.1377","","3.54%"
"10/01/2003","1.1584","1.1661","1.1862","1.1532","","-0.65%"
"09/01/2003","1.1660","1.0986","1.1739","1.0762","","6.19%"
"08/01/2003","1.0980","1.1230","1.1430","1.0792","","-2.23%"
"07/01/2003","1.1231","1.1526","1.1613","1.1113","","-2.43%"
"06/01/2003","1.1511","1.1713","1.1934","1.1397","","-2.34%"
"05/01/2003","1.1787","1.1183","1.1935","1.1152","","5.40%"
"04/01/2003","1.1183","1.0922","1.1189","1.0560","","2.37%"
"03/01/2003","1.0924","1.0778","1.1087","1.0501","","1.17%"
"02/01/2003","1.0798","1.0787","1.0941","1.0664","","0.27%"
"01/01/2003","1.0769","1.0493","1.0909","1.0334","","2.55%"
"12/01/2002","1.0501","0.9946","1.0507","0.9859","","5.58%"
"11/01/2002","0.9946","0.9909","1.0173","0.9873","","0.39%"
"10/01/2002","0.9907","0.9868","0.9928","0.9687","","0.40%"
"09/01/2002","0.9868","0.9815","0.9993","0.9603","","0.49%"
"08/01/2002","0.9820","0.9764","0.9920","0.9621","","0.46%"
"07/01/2002","0.9775","0.9915","1.0214","0.9715","","-1.44%"
"06/01/2002","0.9918","0.9327","0.9992","0.9300","","6.20%"
"05/01/2002","0.9339","0.9006","0.9421","0.8992","","3.74%"
"04/01/2002","0.9002","0.8711","0.9047","0.8711","","3.26%"
"03/01/2002","0.8718","0.8689","0.8871","0.8629","","0.37%"
"02/01/2002","0.8686","0.8588","0.8803","0.8562","","1.18%"
"01/01/2002","0.8585","0.8896","0.9069","0.8571","","-3.64%"
"12/01/2001","0.8909","0.8962","0.9087","0.8742","","-0.62%"
"11/01/2001","0.8965","0.9008","0.9123","0.8737","","-0.37%"
"10/01/2001","0.8998","0.9103","0.9246","0.8867","","-1.31%"
"09/01/2001","0.9117","0.9102","0.9336","0.8823","","-0.08%"
"08/01/2001","0.9124","0.8763","0.9242","0.8735","","4.13%"
"07/01/2001","0.8762","0.8506","0.8824","0.8346","","3.08%"
"06/01/2001","0.8500","0.8448","0.8675","0.8410","","0.48%"
"05/01/2001","0.8459","0.8892","0.9010","0.8440","","-4.75%"
"04/01/2001","0.8881","0.8743","0.9093","0.8695","","1.17%"
"03/01/2001","0.8778","0.9239","0.9384","0.8752","","-4.94%"
"02/01/2001","0.9234","0.9374","0.9448","0.9016","","-1.40%"
"01/01/2001","0.9365","0.9425","0.9597","0.9112","","-0.63%"
"12/01/2000","0.9424","0.8724","0.9427","0.8700","","8.02%"
"11/01/2000","0.8724","0.8486","0.8798","0.8372","","2.72%"
"10/01/2000","0.8493","0.8842","0.8860","0.8228","","-3.91%"
"09/01/2000","0.8839","0.8887","0.9040","0.8439","","-0.55%"
"08/01/2000","0.8888","0.9265","0.9293","0.8839","","-4.05%"
"07/01/2000","0.9263","0.9526","0.9601","0.9191","","-2.76%"
"06/01/2000","0.9526","0.9371","0.9703","0.9284","","1.57%"
"05/01/2000","0.9379","0.9120","0.9412","0.8845","","2.81%"
"04/01/2000","0.9123","0.9562","0.9752","0.9029","","-4.59%"
"03/01/2000","0.9562","0.9645","0.9796","0.9478","","-0.88%"
"02/01/2000","0.9647","0.9702","1.0090","0.9391","","-0.50%"
"01/01/2000","0.9695","1.0052","1.0416","0.9670","","-3.77%"
"12/01/1999","1.0075","1.0096","1.0305","0.9991","","-0.16%"
"11/01/1999","1.0091","1.0551","1.0595","1.0037","","-4.36%"
"10/01/1999","1.0551","1.0678","1.0913","1.0433","","-1.24%"
"09/01/1999","1.0684","1.0566","1.0732","1.0285","","1.14%"
"08/01/1999","1.0564","1.0682","1.0829","1.0393","","-1.34%"
"07/01/1999","1.0707","1.0362","1.0747","1.0107","","3.38%"
"06/01/1999","1.0357","1.0431","1.0563","1.0259","","-0.63%"
"05/01/1999","1.0423","1.0589","1.0844","1.0393","","-1.39%"
"04/01/1999","1.0570","1.0776","1.0888","1.0542","","-1.86%"
"03/01/1999","1.0770","1.0987","1.1072","1.0683","","-2.31%"
"02/01/1999","1.1025","1.1389","1.1397","1.0923","","-3.00%"
"01/01/1999","1.1366","1.1742","1.1909","1.1338","","-3.05%"
"12/01/1998","1.1723","1.1597","1.1955","1.1574","","1.05%"
"11/01/1998","1.1601","1.1906","1.1942","1.1459","","-2.41%"
"10/01/1998","1.1887","1.1782","1.2293","1.1770","","0.78%"
"09/01/1998","1.1795","1.1227","1.1831","1.1193","","4.36%"
"08/01/1998","1.1302","1.1100","1.1302","1.0877","","1.87%"
"07/01/1998","1.1095","1.0955","1.1170","1.0790","","1.31%"
"06/01/1998","1.0952","1.1050","1.1181","1.0866","","-0.70%"
"05/01/1998","1.1029","1.1028","1.1211","1.0992","","0.08%"
"04/01/1998","1.1020","1.0762","1.1093","1.0700","","2.34%"
"03/01/1998","1.0768","1.0917","1.0983","1.0717","","-1.07%"
"02/01/1998","1.0884","1.0770","1.1050","1.0733","","0.87%"
"01/01/1998","1.0790","1.0980","1.1206","1.0715","","-1.83%"
"12/01/1997","1.0991","1.1228","1.1237","1.0980","","-2.13%"
"11/01/1997","1.1230","1.1405","1.1635","1.1165","","-1.75%"
"10/01/1997","1.1430","1.1117","1.1515","1.1005","","2.77%"
"09/01/1997","1.1122","1.0850","1.1208","1.0673","","2.24%"
"08/01/1997","1.0878","1.0709","1.1000","1.0419","","1.35%"
"07/01/1997","1.0733","1.1260","1.1295","1.0665","","-4.74%"
"06/01/1997","1.1267","1.1340","1.1435","1.1195","","-1.25%"
"05/01/1997","1.1410","1.1279","1.1668","1.1240","","1.38%"
"04/01/1997","1.1255","1.1625","1.1685","1.1228","","-3.48%"
"03/01/1997","1.1661","1.1455","1.1682","1.1293","","1.68%"
"02/01/1997","1.1468","1.1773","1.1811","1.1389","","-2.78%"
"01/01/1997","1.1796","1.2527","1.2559","1.1703","","-5.92%"
"12/01/1996","1.2538","1.2548","1.2594","1.2305","","-0.02%"
"11/01/1996","1.2540","1.2642","1.2862","1.2531","","-0.81%"
"10/01/1996","1.2642","1.2512","1.2731","1.2413","","1.10%"
"09/01/1996","1.2504","1.2723","1.2752","1.2475","","-1.78%"
"08/01/1996","1.2730","1.2772","1.2799","1.2580","","-0.29%"
"07/01/1996","1.2767","1.2436","1.2837","1.2384","","2.69%"
"06/01/1996","1.2432","1.2391","1.2503","1.2295","","0.32%"
"05/01/1996","1.2392","1.2263","1.2405","1.2190","","1.00%"
"04/01/1996","1.2269","1.2545","1.2613","1.2240","","-2.29%"
"03/01/1996","1.2557","1.2552","1.2628","1.2458","","0.05%"
"02/01/1996","1.2551","1.2340","1.2732","1.2305","","1.71%"
"01/01/1996","1.2340","1.2769","1.2971","1.2243","","-3.42%"
"12/01/1995","1.2777","1.2763","1.2879","1.2602","","0.17%"
"11/01/1995","1.2755","1.3046","1.3090","1.2720","","-1.98%"
"10/01/1995","1.3013","1.2974","1.3216","1.2808","","0.32%"
"09/01/1995","1.2971","1.2780","1.3101","1.2506","","1.77%"
"08/01/1995","1.2746","1.3405","1.3525","1.2575","","-4.92%"
"07/01/1995","1.3405","1.3321","1.3500","1.3127","","0.63%"
"06/01/1995","1.3321","1.3072","1.3360","1.2911","","2.08%"
"05/01/1995","1.3050","1.3208","1.3445","1.2655","","-1.52%"
"04/01/1995","1.3251","1.3275","1.3530","1.3008","","-0.51%"
"03/01/1995","1.3319","1.2716","1.3356","1.2690","","4.77%"
"02/01/1995","1.2713","1.2395","1.2790","1.2280","","2.57%"
"01/01/1995","1.2394","1.2269","1.2569","1.2159","","1.02%"
"12/01/1994","1.2269","1.2152","1.2282","1.2025","","0.95%"
"11/01/1994","1.2154","1.2685","1.2763","1.2110","","-4.14%"
"10/01/1994","1.2679","1.2324","1.2809","1.2260","","2.88%"
"09/01/1994","1.2324","1.2074","1.2435","1.2069","","2.11%"
"08/01/1994","1.2069","1.2065","1.2452","1.1980","","-0.14%"
"07/01/1994","1.2086","1.2063","1.2573","1.1912","","0.28%"
"06/01/1994","1.2052","1.1700","1.2185","1.1521","","2.94%"
"05/01/1994","1.1708","1.1668","1.1798","1.1469","","0.25%"
"04/01/1994","1.1679","1.1510","1.1742","1.1237","","1.41%"
"03/01/1994","1.1517","1.1330","1.1595","1.1225","","1.63%"
"02/01/1994","1.1332","1.1212","1.1363","1.1010","","1.09%"
"01/01/1994","1.1210","1.1130","1.1270","1.1047","","0.72%"
"12/01/1993","1.1130","1.1197","1.1428","1.1130","","-0.67%"
"11/01/1993","1.1205","1.1326","1.1393","1.1182","","-1.10%"
"10/01/1993","1.1330","1.1615","1.1886","1.1302","","-2.48%"
"09/01/1993","1.1618","1.1381","1.1995","1.1360","","2.09%"
"08/01/1993","1.1380","1.0945","1.1443","1.0817","","4.07%"
"07/01/1993","1.0935","1.1481","1.1640","1.0870","","-4.67%"
"06/01/1993","1.1471","1.2278","1.2311","1.1416","","-6.29%"
"05/01/1993","1.2241","1.2304","1.2477","1.1934","","-0.72%"
"04/01/1993","1.2330","1.2040","1.2485","1.1988","","2.15%"
"03/01/1993","1.2070","1.1716","1.2070","1.1608","","2.46%"
"02/01/1993","1.1780","1.2110","1.2110","1.1690","","-2.73%"
"01/01/1993","1.2110","1.2040","1.2500","1.1877","","0.52%"
"12/01/1992","1.2047","1.2327","1.2668","1.2029","","-2.15%"
"11/01/1992","1.2312","1.2722","1.2730","1.2132","","-3.28%"
"10/01/1992","1.2729","1.3855","1.3919","1.2657","","-8.16%"
"09/01/1992","1.3860","1.4413","1.4580","1.2652","","-3.82%"
"08/01/1992","1.4410","1.3803","1.4497","1.3703","","4.21%"
"07/01/1992","1.3828","1.3445","1.4057","1.3370","","2.83%"
"06/01/1992","1.3447","1.2790","1.3529","1.2660","","5.18%"
"05/01/1992","1.2785","1.2775","1.2940","1.2403","","2.65%"
"04/01/1992","1.2455","1.2455","1.2670","1.2247","","0.19%"
"03/01/1992","1.2431","1.2431","1.2539","1.2130","","-0.43%"
"02/01/1992","1.2485","1.2485","1.3112","1.2283","","-1.58%"
"01/01/1992","1.2685","1.2685","1.3528","1.2465","","-5.12%"
"12/01/1991","1.3369","1.3369","1.3493","1.2590","","6.53%"
"11/01/1991","1.2550","1.2550","1.2887","1.2245","","2.52%"
"10/01/1991","1.2242","1.2242","1.2341","1.1905","","-0.30%"
"09/01/1991","1.2279","1.2279","1.2342","1.1744","","4.46%"
"08/01/1991","1.1755","1.1755","1.2056","1.1267","","-0.16%"
"07/01/1991","1.1774","1.1774","1.1858","1.1162","","3.69%"
"06/01/1991","1.1355","1.1355","1.1837","1.1262","","-3.80%"
"05/01/1991","1.1804","1.1804","1.2227","1.1680","","-1.52%"
"04/01/1991","1.1986","1.1986","1.2450","1.1551","","-1.10%"
"03/01/1991","1.2119","1.2119","1.3474","1.1972","","-9.94%"
"02/01/1991","1.3457","1.3457","1.4214","1.3457","","-3.41%"
"01/01/1991","1.3932","1.3932","1.3932","1.3320","","1.92%"
"12/01/1990","1.3670","1.3670","1.4029","1.3339","","-0.29%"
"11/01/1990","1.3710","1.3710","1.4022","1.3565","","0.22%"
"10/01/1990","1.3680","1.3680","1.3854","1.3165","","3.99%"
"09/01/1990","1.3155","1.3155","1.3417","1.2959","","-0.04%"
"08/01/1990","1.3160","1.3160","1.3465","1.2795","","0.87%"
"07/01/1990","1.3047","1.3047","1.3047","1.2393","","5.52%"
"06/01/1990","1.2365","1.2365","1.2440","1.2062","","2.05%"
"05/01/1990","1.2117","1.2117","1.2540","1.2087","","-0.58%"
"04/01/1990","1.2188","1.2188","1.2244","1.1981","","1.02%"
"03/01/1990","1.2065","1.2065","1.2130","1.1841","","0.47%"
"02/01/1990","1.2008","1.2008","1.2325","1.1996","","-0.64%"
"01/01/1990","1.2085","1.2085","1.2208","1.1689","","1.40%"
"12/01/1989","1.1918","1.1918","1.2040","1.1366","","4.26%"
"11/01/1989","1.1431","1.1431","1.1481","1.1008","","2.62%"
"10/01/1989","1.1139","1.1139","1.1221","1.0685","","1.15%"
"09/01/1989","1.1012","1.1012","1.1067","1.0359","","4.19%"
"08/01/1989","1.0569","1.0569","1.1219","1.0515","","-5.07%"
"07/01/1989","1.1133","1.1133","1.1156","1.0561","","5.15%"
"06/01/1989","1.0588","1.0588","1.0704","1.0114","","1.14%"
"05/01/1989","1.0469","1.0469","1.1059","1.0279","","-5.28%"
"04/01/1989","1.1053","1.1053","1.1268","1.0941","","0.70%"
"03/01/1989","1.0976","1.0976","1.1387","1.0937","","-3.60%"
"02/01/1989","1.1386","1.1386","1.1463","1.1039","","2.32%"
"01/01/1989","1.1128","1.1128","1.1825","1.1112","","-5.16%"
"12/01/1988","1.1734","1.1734","1.2084","1.1553","","-2.23%"
"11/01/1988","1.2002","1.2002","1.2117","1.1497","","3.50%"
"10/01/1988","1.1596","1.1596","1.1732","1.1089","","4.53%"
"09/01/1988","1.1093","1.1093","1.1259","1.0955","","0.36%"
"08/01/1988","1.1053","1.1053","1.1214","1.0827","","-0.34%"
"07/01/1988","1.1091","1.1091","1.1459","1.0971","","-2.96%"
"06/01/1988","1.1429","1.1429","1.2127","1.1336","","-4.92%"
"05/01/1988","1.2020","1.2020","1.2401","1.1996","","-2.81%"
"04/01/1988","1.2368","1.2368","1.2586","1.2219","","-1.17%"
"03/01/1988","1.2515","1.2515","1.2540","1.2169","","2.35%"
"02/01/1988","1.2228","1.2228","1.2313","1.1960","","-0.41%"
"01/01/1988","1.2278","1.2278","1.3113","1.2178","","-6.37%"
"12/01/1987","1.3113","1.3113","1.3122","1.2294","","4.27%"
"11/01/1987","1.2576","1.2576","1.2625","1.1935","","5.57%"
"10/01/1987","1.1912","1.1912","1.1995","1.1227","","5.80%"
"09/01/1987","1.1259","1.1259","1.1584","1.1241","","-1.11%"
"08/01/1987","1.1385","1.1385","1.1489","1.0902","","2.08%"
"07/01/1987","1.1153","1.1153","1.1395","1.1118","","-1.67%"
"06/01/1987","1.1342","1.1342","1.1624","1.1218","","-0.52%"
"05/01/1987","1.1401","1.1401","1.1750","1.1340","","-1.60%"
"04/01/1987","1.1586","1.1586","1.1696","1.1285","","0.98%"
"03/01/1987","1.1474","1.1474","1.1539","1.1117","","1.49%"
"02/01/1987","1.1305","1.1305","1.1524","1.1034","","0.49%"
"01/01/1987","1.1250","1.1250","1.1630","1.0677","","4.81%"
"12/01/1986","1.0734","1.0734","1.0744","1.0214","","1.84%"
"11/01/1986","1.0540","1.0540","1.0554","1.0029","","4.59%"
"10/01/1986","1.0077","1.0077","1.0503","1.0024","","-1.84%"
"09/01/1986","1.0266","1.0266","1.0474","0.9977","","-0.61%"
"08/01/1986","1.0329","1.0329","1.0344","1.0022","","2.34%"
"07/01/1986","1.0093","1.0093","1.0130","0.9700","","2.71%"
"06/01/1986","0.9827","0.9827","0.9842","0.9307","","6.30%"
"05/01/1986","0.9245","0.9245","0.9894","0.9179","","-6.97%"
"04/01/1986","0.9938","0.9938","0.9938","0.9938","","6.47%"
"03/01/1986","0.9334","0.9334","0.9334","0.9334","","-4.21%"
"02/01/1986","0.9744","0.9744","0.9744","0.9744","","7.10%"
"01/01/1986","0.9098","0.9098","0.9098","0.9098","","2.20%"
"12/01/1985","0.8902","0.8902","0.8902","0.8902","","2.40%"
"11/01/1985","0.8693","0.8693","0.8693","0.8693","","3.66%"
"10/01/1985","0.8386","0.8386","0.8386","0.8386","","2.48%"
"09/01/1985","0.8183","0.8183","0.8183","0.8183","","4.34%"
"08/01/1985","0.7843","0.7843","0.7843","0.7843","","-0.28%"
"07/01/1985","0.7865","0.7865","0.7865","0.7865","","6.98%"
"06/01/1985","0.7352","0.7352","0.7352","0.7352","","1.00%"
"05/01/1985","0.7279","0.7279","0.7279","0.7279","","1.46%"
"04/01/1985","0.7174","0.7174","0.7174","0.7174","","-0.49%"
"03/01/1985","0.7209","0.7209","0.7209","0.7209","","7.79%"
"02/01/1985","0.6688","0.6688","0.6688","0.6688","","-5.51%"
"01/01/1985","0.7078","0.7078","0.7078","0.7078","","-0.51%"
"12/01/1984","0.7114","0.7114","0.7114","0.7114","","-1.56%"
"11/01/1984","0.7227","0.7227","0.7227","0.7227","","-1.79%"
"10/01/1984","0.7359","0.7359","0.7359","0.7359","","0.77%"
"09/01/1984","0.7303","0.7303","0.7303","0.7303","","-5.60%"
"08/01/1984","0.7736","0.7736","0.7736","0.7736","","-0.04%"
"07/01/1984","0.7739","0.7739","0.7739","0.7739","","-3.62%"
"06/01/1984","0.8030","0.8030","0.8030","0.8030","","-1.80%"
"05/01/1984","0.8177","0.8177","0.8177","0.8177","","-0.50%"
"04/01/1984","0.8218","0.8218","0.8218","0.8218","","-4.26%"
"03/01/1984","0.8584","0.8584","0.8584","0.8584","","0.12%"
"02/01/1984","0.8574","0.8574","0.8574","0.8574","","7.75%"
"01/01/1984","0.7957","0.7957","0.7957","0.7957","","-3.27%"
"12/01/1983","0.8226","0.8226","0.8226","0.8226","","-1.19%"
"11/01/1983","0.8325","0.8325","0.8325","0.8325","","-2.35%"
"10/01/1983","0.8525","0.8525","0.8525","0.8525","","-0.04%"
"09/01/1983","0.8528","0.8528","0.8528","0.8528","","1.78%"
"08/01/1983","0.8379","0.8379","0.8379","0.8379","","-2.16%"
"07/01/1983","0.8564","0.8564","0.8564","0.8564","","-3.86%"
"06/01/1983","0.8908","0.8908","0.8908","0.8908","","-1.00%"
"05/01/1983","0.8998","0.8998","0.8998","0.8998","","-2.49%"
"04/01/1983","0.9228","0.9228","0.9228","0.9228","","-1.24%"
"03/01/1983","0.9344","0.9344","0.9344","0.9344","","-1.92%"
"02/01/1983","0.9527","0.9527","0.9527","0.9527","","0.59%"
"01/01/1983","0.9471","0.9471","0.9471","0.9471","","-2.92%"
"12/01/1982","0.9756","0.9756","0.9756","0.9756","","3.37%"
"11/01/1982","0.9438","0.9438","0.9438","0.9438","","2.51%"
"10/01/1982","0.9207","0.9207","0.9207","0.9207","","-1.84%"
"09/01/1982","0.9380","0.9380","0.9380","0.9380","","-1.48%"
"08/01/1982","0.9521","0.9521","0.9521","0.9521","","-1.63%"
"07/01/1982","0.9679","0.9679","0.9679","0.9679","","-0.35%"
"06/01/1982","0.9713","0.9713","0.9713","0.9713","","-6.05%"
"05/01/1982","1.0339","1.0339","1.0339","1.0339","","-0.59%"
"04/01/1982","1.0400","1.0400","1.0400","1.0400","","3.15%"
"03/01/1982","1.0082","1.0082","1.0082","1.0082","","-2.34%"
"02/01/1982","1.0324","1.0324","1.0324","1.0324","","-3.77%"
"01/01/1982","1.0728","1.0728","1.0728","1.0728","","-2.88%"
"12/01/1981","1.1046","1.1046","1.1046","1.1046","","-2.02%"
"11/01/1981","1.1274","1.1274","1.1274","1.1274","","1.97%"
"10/01/1981","1.1056","1.1056","1.1056","1.1056","","0.81%"
"09/01/1981","1.0967","1.0967","1.0967","1.0967","","5.21%"
"08/01/1981","1.0424","1.0424","1.0424","1.0424","","0.13%"
"07/01/1981","1.0410","1.0410","1.0410","1.0410","","-2.88%"
"06/01/1981","1.0719","1.0719","1.0719","1.0719","","-2.72%"
"05/01/1981","1.1019","1.1019","1.1019","1.1019","","-5.17%"
"04/01/1981","1.1620","1.1620","1.1620","1.1620","","-5.03%"
"03/01/1981","1.2235","1.2235","1.2235","1.2235","","0.97%"
"02/01/1981","1.2117","1.2117","1.2117","1.2117","","-1.88%"
"01/01/1981","1.2349","1.2349","1.2349","1.2349","","-6.98%"
"12/01/1980","1.3275","1.3275","1.3275","1.3275","","-1.66%"
"11/01/1980","1.3499","1.3499","1.3499","1.3499","","-1.71%"
"10/01/1980","1.3734","1.3734","1.3734","1.3734","","-4.23%"
"09/01/1980","1.4341","1.4341","1.4341","1.4341","","-0.86%"
"08/01/1980","1.4465","1.4465","1.4465","1.4465","","-0.96%"
"07/01/1980","1.4605","1.4605","1.4605","1.4605","","-0.92%"
"06/01/1980","1.4741","1.4741","1.4741","1.4741","","0.65%"
"05/01/1980","1.4646","1.4646","1.4646","1.4646","","1.53%"
"04/01/1980","1.4426","1.4426","1.4426","1.4426","","6.92%"
"03/01/1980","1.3492","1.3492","1.3492","1.3492","","-8.15%"
"02/01/1980","1.4689","1.4689","1.4689","1.4689","","-1.71%"
"01/01/1980","1.4945","1.4945","1.4945","1.4945","","-0.90%"
"12/01/1979","1.5081","1.5081","1.5081","1.5081","","0.74%"
"11/01/1979","1.4970","1.4970","1.4970","1.4970","","3.40%"
"10/01/1979","1.4478","1.4478","1.4478","1.4478","","-3.17%"
"09/01/1979","1.4952","1.4952","1.4952","1.4952","","3.66%"
"08/01/1979","1.4424","1.4424","1.4424","1.4424","","0.39%"
"07/01/1979","1.4368","1.4368","1.4368","1.4368","","0.53%"
"06/01/1979","1.4292","1.4292","1.4292","1.4292","","3.09%"
"05/01/1979","1.3864","1.3864","1.3864","1.3864","","-0.80%"
"04/01/1979","1.3976","1.3976","1.3976","1.3976","","-1.29%"
"03/01/1979","1.4158","1.4158","1.4158","1.4158","","-0.53%"
"02/01/1979","1.4233","1.4233","1.4233","1.4233","","0.67%"
"01/01/1979","1.4138","1.4138","1.4138","1.4138","","-2.19%"
"12/01/1978","1.4455","1.4455","1.4455","1.4455","","5.01%"
"11/01/1978","1.3765","1.3765","1.3765","1.3765","","-8.94%"
"10/01/1978","1.5117","1.5117","1.5117","1.5117","","9.15%"
"09/01/1978","1.3850","1.3850","1.3850","1.3850","","1.95%"
"08/01/1978","1.3585","1.3585","1.3585","1.3585","","1.87%"
"07/01/1978","1.3335","1.3335","1.3335","1.3335","","1.86%"
"06/01/1978","1.3091","1.3091","1.3091","1.3091","","1.21%"
"05/01/1978","1.2935","1.2935","1.2935","1.2935","","-0.70%"
"04/01/1978","1.3026","1.3026","1.3026","1.3026","","-2.23%"
"03/01/1978","1.3323","1.3323","1.3323","1.3323","","1.43%"
"02/01/1978","1.3135","1.3135","1.3135","1.3135","","2.11%"
"01/01/1978","1.2863","1.2863","1.2863","1.2863","","-0.22%"
"12/01/1977","1.2892","1.2892","1.2892","1.2892","","4.61%"
"11/01/1977","1.2324","1.2324","1.2324","1.2324","","0.49%"
"10/01/1977","1.2264","1.2264","1.2264","1.2264","","1.57%"
"09/01/1977","1.2074","1.2074","1.2074","1.2074","","0.07%"
"08/01/1977","1.2066","1.2066","1.2066","1.2066","","-0.56%"
"07/01/1977","1.2134","1.2134","1.2134","1.2134","","-0.07%"
"06/01/1977","1.2143","1.2143","1.2143","1.2143","","0.30%"
"05/01/1977","1.2107","1.2107","1.2107","1.2107","","-0.09%"
"04/01/1977","1.2118","1.2118","1.2118","1.2118","","0.86%"
"03/01/1977","1.2015","1.2015","1.2015","1.2015","","-0.14%"
"02/01/1977","1.2032","1.2032","1.2032","1.2032","","0.39%"
"01/01/1977","1.1985","1.1985","1.1985","1.1985","","-1.53%"
"12/01/1976","1.2171","1.2171","1.2171","1.2171","","1.11%"
"11/01/1976","1.2037","1.2037","1.2037","1.2037","","-0.02%"
"10/01/1976","1.2039","1.2039","1.2039","1.2039","","0.47%"
"09/01/1976","1.1983","1.1983","1.1983","1.1983","","1.58%"
"08/01/1976","1.1797","1.1797","1.1797","1.1797","","0.42%"
"07/01/1976","1.1748","1.1748","1.1748","1.1748","","-0.07%"
"06/01/1976","1.1756","1.1756","1.1756","1.1756","","0.32%"
"05/01/1976","1.1719","1.1719","1.1719","1.1719","","-0.67%"
"04/01/1976","1.1798","1.1798","1.1798","1.1798","","-0.91%"
"03/01/1976","1.1906","1.1906","1.1906","1.1906","","-1.82%"
"02/01/1976","1.2127","1.2127","1.2127","1.2127","","-0.83%"
"01/01/1976","1.2228","1.2228","1.2228","1.2228","","-1.04%"
"12/01/1975","1.2356","1.2356","1.2356","1.2356","","0.08%"
"11/01/1975","1.2346","1.2346","1.2346","1.2346","","-2.30%"
"10/01/1975","1.2636","1.2636","1.2636","1.2636","","3.21%"
"09/01/1975","1.2243","1.2243","1.2243","1.2243","","-2.69%"
"08/01/1975","1.2582","1.2582","1.2582","1.2582","","-0.44%"
"07/01/1975","1.2637","1.2637","1.2637","1.2637","","-7.23%"
"06/01/1975","1.3622","1.3622","1.3622","1.3622","","-0.63%"
"05/01/1975","1.3708","1.3708","1.3708","1.3708","","1.36%"
"04/01/1975","1.3524","1.3524","1.3524","1.3524","","-0.27%"
"03/01/1975","1.3561","1.3561","1.3561","1.3561","","-2.07%"
"02/01/1975","1.3847","1.3847","1.3847","1.3847","","2.78%"